Timestamp,Temperature_C,Humidity_Pct,Light_Intensity
01/09/2026 00:00,22.4,78,0
01/09/2026 01:00,22.1,77,0
01/09/2026 02:00,22.1,79,2
01/09/2026 03:00,21.8,79,1
01/09/2026 04:00,22.1,74,1
01/09/2026 05:00,23.2,74,0
01/09/2026 06:00,24.7,70,3
01/09/2026 07:00,26.2,63,269
01/09/2026 08:00,27.7,57,496
01/09/2026 09:00,29.1,53,694
01/09/2026 10:00,30.9,49,846
01/09/2026 11:00,32.2,43,930
01/09/2026 12:00,33.8,41,977
01/09/2026 13:00,33.6,39,965
01/09/2026 14:00,34.1,38,830
01/09/2026 15:00,33.9,39,687
01/09/2026 16:00,33,41,501
01/09/2026 17:00,32,42,240
01/09/2026 18:00,31,48,0
01/09/2026 19:00,30,54,2
01/09/2026 20:00,27.9,59,0
01/09/2026 21:00,26.4,65,0
01/09/2026 22:00,25.2,70,1
01/09/2026 23:00,23.7,75,3
02/09/2026 00:00,22.8,77,2
02/09/2026 01:00,22.4,76,2
02/09/2026 02:00,22.1,79,0
02/09/2026 03:00,22,78,3
02/09/2026 04:00,23,75,2
02/09/2026 05:00,23.1,71,3
02/09/2026 06:00,24.7,69,0
02/09/2026 07:00,26,62,252
02/09/2026 08:00,28.4,60,471
02/09/2026 09:00,29.1,54,712
02/09/2026 10:00,31,46,829
02/09/2026 11:00,32.7,42,960
02/09/2026 12:00,32.9,39,986
02/09/2026 13:00,33.7,36,939
02/09/2026 14:00,34.4,38,847
02/09/2026 15:00,34.4,37,692
02/09/2026 16:00,33.3,40,484
02/09/2026 17:00,32.1,44,272
02/09/2026 18:00,31.5,49,0
02/09/2026 19:00,29.2,52,2
02/09/2026 20:00,28.3,57,2
02/09/2026 21:00,25.9,62,0
02/09/2026 22:00,25.1,70,3
02/09/2026 23:00,23.6,73,2
03/09/2026 00:00,22.6,75,3
03/09/2026 01:00,22.4,79,0
03/09/2026 02:00,21.9,80,0
03/09/2026 03:00,21.6,79,2
03/09/2026 04:00,22.5,75,1
03/09/2026 05:00,23.9,75,1
03/09/2026 06:00,24.4,68,12
03/09/2026 07:00,25.9,62,249
03/09/2026 08:00,27.8,60,475
03/09/2026 09:00,29.2,54,679
03/09/2026 10:00,30.5,48,841
03/09/2026 11:00,32.3,44,952
03/09/2026 12:00,33,40,985
03/09/2026 13:00,34.1,38,966
03/09/2026 14:00,34.1,36,835
03/09/2026 15:00,33.7,36,681
03/09/2026 16:00,32.9,41,502
03/09/2026 17:00,31.8,44,242
03/09/2026 18:00,30.6,47,0
03/09/2026 19:00,29.1,52,1
03/09/2026 20:00,28,58,2
03/09/2026 21:00,26.3,65,2
03/09/2026 22:00,24.3,68,0
03/09/2026 23:00,23.4,74,2
04/09/2026 00:00,22.6,76,0
04/09/2026 01:00,21.9,79,3
04/09/2026 02:00,21.8,78,0
04/09/2026 03:00,22.2,79,1
04/09/2026 04:00,22.1,75,2
04/09/2026 05:00,23.5,74,0
04/09/2026 06:00,25.1,71,0
04/09/2026 07:00,25.7,65,269
04/09/2026 08:00,27.5,60,499
04/09/2026 09:00,29.4,51,680
04/09/2026 10:00,31.1,48,853
04/09/2026 11:00,32.2,45,963
04/09/2026 12:00,32.8,39,989
04/09/2026 13:00,34,38,937
04/09/2026 14:00,34.1,37,862
04/09/2026 15:00,33.4,38,674
04/09/2026 16:00,32.9,40,508
04/09/2026 17:00,32.2,42,262
04/09/2026 18:00,31.1,48,0
04/09/2026 19:00,29.7,53,3
04/09/2026 20:00,27.3,59,2
04/09/2026 21:00,26.5,65,2
04/09/2026 22:00,24.7,67,1
04/09/2026 23:00,23.3,75,0
05/09/2026 00:00,22.2,75,0
05/09/2026 01:00,22.1,80,2
05/09/2026 02:00,21.6,81,1
05/09/2026 03:00,21.7,78,2
05/09/2026 04:00,22.3,75,0
05/09/2026 05:00,23.8,75,2
05/09/2026 06:00,25.1,68,0
05/09/2026 07:00,26.4,63,270
05/09/2026 08:00,28.1,57,484
05/09/2026 09:00,29.3,53,680
05/09/2026 10:00,31.3,48,865
05/09/2026 11:00,31.8,44,943
05/09/2026 12:00,33.4,41,985
05/09/2026 13:00,33.6,36,957
05/09/2026 14:00,33.5,38,832
05/09/2026 15:00,34.2,40,694
05/09/2026 16:00,33.5,39,494
05/09/2026 17:00,32.6,43,259
05/09/2026 18:00,30.6,48,0
05/09/2026 19:00,29.8,51,0
05/09/2026 20:00,27.3,59,0
05/09/2026 21:00,26.4,63,1
05/09/2026 22:00,24.4,69,0
05/09/2026 23:00,23.1,73,2
06/09/2026 00:00,22.3,78,1
06/09/2026 01:00,21.8,79,3
06/09/2026 02:00,21.3,78,3
06/09/2026 03:00,21.8,78,2
06/09/2026 04:00,22,75,1
06/09/2026 05:00,22.8,75,2
06/09/2026 06:00,24.6,70,0
06/09/2026 07:00,26,63,255
06/09/2026 08:00,27.6,57,476
06/09/2026 09:00,28.9,54,709
06/09/2026 10:00,30.3,47,843
06/09/2026 11:00,32.5,43,947
06/09/2026 12:00,33,40,989
06/09/2026 13:00,34.1,37,940
06/09/2026 14:00,34.3,39,835
06/09/2026 15:00,33.9,39,712
06/09/2026 16:00,33.1,42,495
06/09/2026 17:00,32.5,43,254
06/09/2026 18:00,30.3,48,0
06/09/2026 19:00,29.1,55,1
06/09/2026 20:00,27.5,57,2
06/09/2026 21:00,26.4,64,0
06/09/2026 22:00,24.2,69,0
06/09/2026 23:00,23.4,73,0
07/09/2026 00:00,22.8,76,1
07/09/2026 01:00,21.7,81,1
07/09/2026 02:00,21.2,78,1
07/09/2026 03:00,21.3,80,1
07/09/2026 04:00,21.9,76,1
07/09/2026 05:00,23.5,74,1
07/09/2026 06:00,24.2,70,3
07/09/2026 07:00,26.5,65,264
07/09/2026 08:00,27.5,58,509
07/09/2026 09:00,29.6,54,704
07/09/2026 10:00,30.9,48,854
07/09/2026 11:00,31.7,43,928
07/09/2026 12:00,32.6,39,983
07/09/2026 13:00,33.6,38,944
07/09/2026 14:00,34,38,848
07/09/2026 15:00,33.4,38,704
07/09/2026 16:00,33,39,506
07/09/2026 17:00,31.7,43,244
07/09/2026 18:00,30.8,50,0
07/09/2026 19:00,29.1,52,3
07/09/2026 20:00,27.1,59,2
07/09/2026 21:00,26.2,65,0
07/09/2026 22:00,24,68,1
07/09/2026 23:00,22.7,74,1
08/09/2026 00:00,22,77,3
08/09/2026 01:00,21.2,79,0
08/09/2026 02:00,21,80,3
08/09/2026 03:00,21.2,79,1
08/09/2026 04:00,22.6,75,1
08/09/2026 05:00,22.8,72,2
08/09/2026 06:00,24.6,68,15
08/09/2026 07:00,26.2,62,259
08/09/2026 08:00,27.5,57,494
08/09/2026 09:00,29,54,698
08/09/2026 10:00,30.6,50,844
08/09/2026 11:00,31.8,44,927
08/09/2026 12:00,33.1,39,968
08/09/2026 13:00,33.2,39,927
08/09/2026 14:00,33.9,38,848
08/09/2026 15:00,33.7,40,702
08/09/2026 16:00,33.3,39,475
08/09/2026 17:00,32.2,45,250
08/09/2026 18:00,30.1,47,0
08/09/2026 19:00,29.4,55,3
08/09/2026 20:00,27.4,59,1
08/09/2026 21:00,25.8,63,2
08/09/2026 22:00,24.3,70,2
08/09/2026 23:00,22.8,75,2
09/09/2026 00:00,22.4,78,0
09/09/2026 01:00,21.6,78,3
09/09/2026 02:00,21.8,78,0
09/09/2026 03:00,21.5,78,3
09/09/2026 04:00,22.6,75,0
09/09/2026 05:00,22.8,73,3
09/09/2026 06:00,24.2,69,0
09/09/2026 07:00,25.9,62,272
09/09/2026 08:00,27.3,60,506
09/09/2026 09:00,29.1,54,706
09/09/2026 10:00,30.5,50,832
09/09/2026 11:00,32.1,45,930
09/09/2026 12:00,33.3,40,970
09/09/2026 13:00,33.6,40,945
09/09/2026 14:00,33.4,40,860
09/09/2026 15:00,33.8,38,675
09/09/2026 16:00,32.9,40,479
09/09/2026 17:00,31.7,43,243
09/09/2026 18:00,30.8,49,13
09/09/2026 19:00,29.2,53,3
09/09/2026 20:00,27.7,58,0
09/09/2026 21:00,26.3,64,1
09/09/2026 22:00,24.6,68,1
09/09/2026 23:00,22.9,74,0
10/09/2026 00:00,21.9,77,2
10/09/2026 01:00,21.7,80,2
10/09/2026 02:00,21.2,79,3
10/09/2026 03:00,21.8,77,0
10/09/2026 04:00,22,76,0
10/09/2026 05:00,23,75,3
10/09/2026 06:00,24.7,71,7
10/09/2026 07:00,25.6,65,244
10/09/2026 08:00,27.8,59,505
10/09/2026 09:00,29,54,688
10/09/2026 10:00,30.7,47,846
10/09/2026 11:00,31.7,44,930
10/09/2026 12:00,32.5,41,979
10/09/2026 13:00,33.4,38,941
10/09/2026 14:00,33.7,39,852
10/09/2026 15:00,33.7,40,700
10/09/2026 16:00,32.6,42,497
10/09/2026 17:00,31.5,43,242
10/09/2026 18:00,30.4,48,12
10/09/2026 19:00,29,53,2
10/09/2026 20:00,27.8,58,1
10/09/2026 21:00,25.7,64,3
10/09/2026 22:00,24.6,68,2
10/09/2026 23:00,22.6,74,1
11/09/2026 00:00,22.4,77,0
11/09/2026 01:00,21.9,81,3
11/09/2026 02:00,21.7,82,1
11/09/2026 03:00,21,80,2
11/09/2026 04:00,21.6,75,2
11/09/2026 05:00,22.8,75,0
11/09/2026 06:00,24.1,71,15
11/09/2026 07:00,26.1,64,265
11/09/2026 08:00,27.4,59,485
11/09/2026 09:00,29.2,53,707
11/09/2026 10:00,30,50,863
11/09/2026 11:00,31.6,46,937
11/09/2026 12:00,32.8,39,973
11/09/2026 13:00,33.8,38,940
11/09/2026 14:00,33.9,39,866
11/09/2026 15:00,33.2,38,678
11/09/2026 16:00,32.9,42,487
11/09/2026 17:00,31.6,43,269
11/09/2026 18:00,30.8,47,14
11/09/2026 19:00,28.8,55,3
11/09/2026 20:00,27.3,57,1
11/09/2026 21:00,26.2,64,1
11/09/2026 22:00,23.8,69,2
11/09/2026 23:00,23.2,73,3
12/09/2026 00:00,22,79,0
12/09/2026 01:00,21.6,79,0
12/09/2026 02:00,20.8,81,3
12/09/2026 03:00,21.7,81,0
12/09/2026 04:00,21.5,78,3
12/09/2026 05:00,23.3,72,1
12/09/2026 06:00,23.9,70,1
12/09/2026 07:00,25.3,64,257
12/09/2026 08:00,27.7,61,503
12/09/2026 09:00,29,55,703
12/09/2026 10:00,30.8,48,857
12/09/2026 11:00,31.6,45,938
12/09/2026 12:00,32.9,39,962
12/09/2026 13:00,33.7,37,956
12/09/2026 14:00,33.7,39,829
12/09/2026 15:00,32.8,38,681
12/09/2026 16:00,32.9,42,471
12/09/2026 17:00,31.8,45,270
12/09/2026 18:00,30.5,50,0
12/09/2026 19:00,28.6,55,2
12/09/2026 20:00,27.1,58,0
12/09/2026 21:00,26.1,66,3
12/09/2026 22:00,24.1,70,3
12/09/2026 23:00,22.9,75,1
13/09/2026 00:00,22,78,0
13/09/2026 01:00,21.4,78,1
13/09/2026 02:00,21.4,82,1
13/09/2026 03:00,21.8,77,2
13/09/2026 04:00,22.2,77,3
13/09/2026 05:00,23,75,0
13/09/2026 06:00,23.8,70,3
13/09/2026 07:00,25.3,65,263
13/09/2026 08:00,26.9,61,488
13/09/2026 09:00,29.3,53,712
13/09/2026 10:00,30,48,850
13/09/2026 11:00,31.7,43,951
13/09/2026 12:00,32.3,42,972
13/09/2026 13:00,33,41,947
13/09/2026 14:00,33.9,40,862
13/09/2026 15:00,33.7,38,686
13/09/2026 16:00,32.6,40,479
13/09/2026 17:00,31.3,43,244
13/09/2026 18:00,30.3,48,17
13/09/2026 19:00,28.7,53,2
13/09/2026 20:00,27.3,61,0
13/09/2026 21:00,25.5,64,3
13/09/2026 22:00,24,70,2
13/09/2026 23:00,23.1,74,2
14/09/2026 00:00,21.6,77,3
14/09/2026 01:00,21.1,81,2
14/09/2026 02:00,20.8,79,0
14/09/2026 03:00,21.1,78,0
14/09/2026 04:00,22.2,76,2
14/09/2026 05:00,22.6,76,2
14/09/2026 06:00,24,68,8
14/09/2026 07:00,25.8,66,272
14/09/2026 08:00,26.9,60,502
14/09/2026 09:00,28.5,55,678
14/09/2026 10:00,29.9,50,851
14/09/2026 11:00,32,43,942
14/09/2026 12:00,32.2,42,974
14/09/2026 13:00,33,37,944
14/09/2026 14:00,33.2,39,855
14/09/2026 15:00,32.9,38,697
14/09/2026 16:00,32.3,41,477
14/09/2026 17:00,31.6,43,244
14/09/2026 18:00,30.7,48,14
14/09/2026 19:00,29.2,54,0
14/09/2026 20:00,27.6,61,0
14/09/2026 21:00,25.9,63,3
14/09/2026 22:00,24.1,70,3
14/09/2026 23:00,22.8,74,0
15/09/2026 00:00,21.9,76,0
15/09/2026 01:00,21.6,79,0
15/09/2026 02:00,20.8,79,3
15/09/2026 03:00,21.4,78,1
15/09/2026 04:00,21.8,77,0
15/09/2026 05:00,22.6,75,2
15/09/2026 06:00,24.2,69,7
15/09/2026 07:00,25.1,64,249
15/09/2026 08:00,26.8,59,480
15/09/2026 09:00,28.5,53,696
15/09/2026 10:00,29.8,47,846
15/09/2026 11:00,31.6,46,961
15/09/2026 12:00,32.3,43,972
15/09/2026 13:00,33.4,37,938
15/09/2026 14:00,33,37,845
15/09/2026 15:00,32.9,40,689
15/09/2026 16:00,32.3,39,476
15/09/2026 17:00,31.9,43,269
15/09/2026 18:00,30.2,51,0
15/09/2026 19:00,29.1,53,3
15/09/2026 20:00,27.4,59,3
15/09/2026 21:00,25.9,65,3
15/09/2026 22:00,24.4,70,3
15/09/2026 23:00,23.1,74,0
16/09/2026 00:00,21.7,76,0
16/09/2026 01:00,21.4,79,1
16/09/2026 02:00,20.6,79,3
16/09/2026 03:00,21.3,79,1
16/09/2026 04:00,21.4,77,0
16/09/2026 05:00,22.8,75,1
16/09/2026 06:00,23.9,70,0
16/09/2026 07:00,25.6,67,265
16/09/2026 08:00,26.9,58,481
16/09/2026 09:00,28.2,52,678
16/09/2026 10:00,30.4,49,859
16/09/2026 11:00,31,44,948
16/09/2026 12:00,32.7,42,994
16/09/2026 13:00,33.4,38,932
16/09/2026 14:00,33.2,38,829
16/09/2026 15:00,32.9,38,704
16/09/2026 16:00,32.2,43,502
16/09/2026 17:00,31.8,45,264
16/09/2026 18:00,30.5,50,17
16/09/2026 19:00,28.2,55,1
16/09/2026 20:00,26.7,58,0
16/09/2026 21:00,25.5,65,2
16/09/2026 22:00,24.4,69,2
16/09/2026 23:00,22.4,73,3
17/09/2026 00:00,21.5,78,2
17/09/2026 01:00,20.6,81,0
17/09/2026 02:00,21.2,81,1
17/09/2026 03:00,21.1,79,0
17/09/2026 04:00,21.7,79,2
17/09/2026 05:00,22.9,73,1
17/09/2026 06:00,24,70,0
17/09/2026 07:00,25.4,67,234
17/09/2026 08:00,27.1,61,488
17/09/2026 09:00,28.6,55,709
17/09/2026 10:00,30.5,50,836
17/09/2026 11:00,31.6,46,949
17/09/2026 12:00,32.1,40,962
17/09/2026 13:00,33.4,38,953
17/09/2026 14:00,33.4,38,831
17/09/2026 15:00,33.3,39,706
17/09/2026 16:00,32.4,40,479
17/09/2026 17:00,31.1,43,244
17/09/2026 18:00,30.2,51,0
17/09/2026 19:00,28.2,54,0
17/09/2026 20:00,27.3,61,2
17/09/2026 21:00,25.8,66,1
17/09/2026 22:00,23.6,68,2
17/09/2026 23:00,22.4,76,3
18/09/2026 00:00,21.9,76,1
18/09/2026 01:00,21.3,80,3
18/09/2026 02:00,20.6,80,2
18/09/2026 03:00,20.8,79,1
18/09/2026 04:00,21.5,77,1
18/09/2026 05:00,22.3,75,0
18/09/2026 06:00,24.2,68,6
18/09/2026 07:00,25.4,65,257
18/09/2026 08:00,26.6,61,479
18/09/2026 09:00,28.7,54,708
18/09/2026 10:00,30.1,51,863
18/09/2026 11:00,31.8,44,948
18/09/2026 12:00,32.3,41,983
18/09/2026 13:00,33,38,961
18/09/2026 14:00,33,38,862
18/09/2026 15:00,32.7,40,681
18/09/2026 16:00,32.4,41,497
18/09/2026 17:00,31.4,47,266
18/09/2026 18:00,29.9,47,0
18/09/2026 19:00,29,56,3
18/09/2026 20:00,26.6,59,3
18/09/2026 21:00,25.1,64,0
18/09/2026 22:00,24,71,0
18/09/2026 23:00,22.3,75,3
19/09/2026 00:00,21.8,78,3
19/09/2026 01:00,20.9,80,0
19/09/2026 02:00,21,82,2
19/09/2026 03:00,20.7,79,1
19/09/2026 04:00,21.9,77,1
19/09/2026 05:00,22.8,76,3
19/09/2026 06:00,23.8,69,0
19/09/2026 07:00,25.6,67,245
19/09/2026 08:00,26.7,59,499
19/09/2026 09:00,28.5,55,698
19/09/2026 10:00,29.8,47,850
19/09/2026 11:00,31.7,44,950
19/09/2026 12:00,32.3,42,992
19/09/2026 13:00,32.6,41,958
19/09/2026 14:00,33.5,39,836
19/09/2026 15:00,32.6,38,690
19/09/2026 16:00,32.6,42,476
19/09/2026 17:00,31.1,47,245
19/09/2026 18:00,29.5,51,19
19/09/2026 19:00,28.3,53,3
19/09/2026 20:00,27,60,2
19/09/2026 21:00,25.7,64,2
19/09/2026 22:00,23.8,71,3
19/09/2026 23:00,22.7,76,0
20/09/2026 00:00,21.8,78,0
20/09/2026 01:00,20.7,78,1
20/09/2026 02:00,20.8,82,1
20/09/2026 03:00,21.2,82,1
20/09/2026 04:00,21.1,79,2
20/09/2026 05:00,22.7,75,2
20/09/2026 06:00,23.8,69,11
20/09/2026 07:00,25.2,63,238
20/09/2026 08:00,27.3,59,477
20/09/2026 09:00,28.2,55,678
20/09/2026 10:00,30.2,49,847
20/09/2026 11:00,31.2,45,929
20/09/2026 12:00,32,40,965
20/09/2026 13:00,33.2,39,961
20/09/2026 14:00,33.3,37,858
20/09/2026 15:00,33.2,39,697
20/09/2026 16:00,32.3,41,490
20/09/2026 17:00,30.8,46,245
20/09/2026 18:00,30.2,51,0
20/09/2026 19:00,28.5,54,0
20/09/2026 20:00,26.4,60,2
20/09/2026 21:00,25.4,64,0
20/09/2026 22:00,23.6,69,1
20/09/2026 23:00,22.9,73,2
21/09/2026 00:00,21.7,77,2
21/09/2026 01:00,21.2,81,0
21/09/2026 02:00,20.3,83,3
21/09/2026 03:00,21.1,82,2
21/09/2026 04:00,21,78,3
21/09/2026 05:00,22.2,74,1
21/09/2026 06:00,23.5,72,18
21/09/2026 07:00,25.3,63,256
21/09/2026 08:00,27.2,61,505
21/09/2026 09:00,28.6,53,674
21/09/2026 10:00,30,47,838
21/09/2026 11:00,31.1,46,960
21/09/2026 12:00,32.1,42,981
21/09/2026 13:00,33,41,948
21/09/2026 14:00,33.2,41,865
21/09/2026 15:00,32.7,39,679
21/09/2026 16:00,32.6,43,478
21/09/2026 17:00,31,46,251
21/09/2026 18:00,29.8,50,18
21/09/2026 19:00,28.2,54,3
21/09/2026 20:00,27.1,59,0
21/09/2026 21:00,25.2,63,0
21/09/2026 22:00,24,70,3
21/09/2026 23:00,22.6,75,2
22/09/2026 00:00,21.3,80,3
22/09/2026 01:00,20.8,82,1
22/09/2026 02:00,21,80,3
22/09/2026 03:00,21.1,81,2
22/09/2026 04:00,21.1,79,2
22/09/2026 05:00,22.5,73,0
22/09/2026 06:00,23.5,71,17
22/09/2026 07:00,25.4,65,266
22/09/2026 08:00,27.1,59,475
22/09/2026 09:00,28.3,55,711
22/09/2026 10:00,29.7,48,861
22/09/2026 11:00,31.5,45,959
22/09/2026 12:00,32.2,40,982
22/09/2026 13:00,32.3,38,939
22/09/2026 14:00,32.9,37,863
22/09/2026 15:00,32.9,39,676
22/09/2026 16:00,32.5,42,477
22/09/2026 17:00,31.1,46,244
22/09/2026 18:00,29.5,50,10
22/09/2026 19:00,28.6,53,1
22/09/2026 20:00,26.9,59,1
22/09/2026 21:00,24.8,66,3
22/09/2026 22:00,23.3,69,0
22/09/2026 23:00,22.5,74,0
23/09/2026 00:00,21,79,0
23/09/2026 01:00,21.2,80,2
23/09/2026 02:00,20.5,83,1
23/09/2026 03:00,20.4,79,3
23/09/2026 04:00,21.6,78,3
23/09/2026 05:00,22.4,74,0
23/09/2026 06:00,23.4,71,0
23/09/2026 07:00,25.2,67,270
23/09/2026 08:00,26.6,60,497
23/09/2026 09:00,28,54,692
23/09/2026 10:00,29.9,49,862
23/09/2026 11:00,31.4,45,955
23/09/2026 12:00,31.9,41,971
23/09/2026 13:00,32.8,41,930
23/09/2026 14:00,32.7,39,844
23/09/2026 15:00,32.6,40,677
23/09/2026 16:00,31.7,42,509
23/09/2026 17:00,31.4,44,243
23/09/2026 18:00,29.9,50,0
23/09/2026 19:00,28.4,54,3
23/09/2026 20:00,26.7,60,3
23/09/2026 21:00,24.9,65,1
23/09/2026 22:00,24,71,1
23/09/2026 23:00,21.8,73,2
24/09/2026 00:00,21.6,79,3
24/09/2026 01:00,20.5,82,0
24/09/2026 02:00,20.5,81,0
24/09/2026 03:00,20.5,80,3
24/09/2026 04:00,21.1,80,0
24/09/2026 05:00,22.7,73,2
24/09/2026 06:00,23,69,4
24/09/2026 07:00,24.6,64,235
24/09/2026 08:00,26.7,61,473
24/09/2026 09:00,27.8,55,684
24/09/2026 10:00,29.6,51,830
24/09/2026 11:00,31.2,46,961
24/09/2026 12:00,32,42,972
24/09/2026 13:00,32.2,41,927
24/09/2026 14:00,32.7,39,863
24/09/2026 15:00,32.4,38,676
24/09/2026 16:00,32.3,42,495
24/09/2026 17:00,31,43,256
24/09/2026 18:00,30.1,48,0
24/09/2026 19:00,28.2,57,0
24/09/2026 20:00,26.3,59,1
24/09/2026 21:00,24.8,66,0
24/09/2026 22:00,23.7,70,0
24/09/2026 23:00,21.8,75,3
25/09/2026 00:00,21.1,77,3
25/09/2026 01:00,20.8,80,3
25/09/2026 02:00,19.9,83,3
25/09/2026 03:00,20.3,82,2
25/09/2026 04:00,21,78,3
25/09/2026 05:00,21.8,73,0
25/09/2026 06:00,23,71,4
25/09/2026 07:00,25.3,66,243
25/09/2026 08:00,26.4,61,498
25/09/2026 09:00,27.7,53,710
25/09/2026 10:00,29.6,50,831
25/09/2026 11:00,31.1,46,942
25/09/2026 12:00,32.3,40,999
25/09/2026 13:00,32.7,38,955
25/09/2026 14:00,33.2,40,853
25/09/2026 15:00,32.7,39,706
25/09/2026 16:00,31.9,41,506
25/09/2026 17:00,30.9,45,242
25/09/2026 18:00,29.8,48,0
25/09/2026 19:00,28.3,55,3
25/09/2026 20:00,26.3,59,0
25/09/2026 21:00,25.2,67,2
25/09/2026 22:00,23.9,72,2
25/09/2026 23:00,21.8,76,1
26/09/2026 00:00,21.5,79,0
26/09/2026 01:00,20.7,81,0
26/09/2026 02:00,20.3,81,2
26/09/2026 03:00,20.6,79,2
26/09/2026 04:00,20.7,77,0
26/09/2026 05:00,21.8,75,3
26/09/2026 06:00,23.6,70,0
26/09/2026 07:00,24.9,65,242
26/09/2026 08:00,26,59,500
26/09/2026 09:00,28.3,54,679
26/09/2026 10:00,29.2,48,861
26/09/2026 11:00,30.8,47,959
26/09/2026 12:00,31.5,44,999
26/09/2026 13:00,32.8,41,942
26/09/2026 14:00,32.9,40,831
26/09/2026 15:00,32.9,41,701
26/09/2026 16:00,31.9,40,473
26/09/2026 17:00,30.7,44,263
26/09/2026 18:00,29.5,49,9
26/09/2026 19:00,27.9,54,1
26/09/2026 20:00,26.2,59,1
26/09/2026 21:00,24.9,65,1
26/09/2026 22:00,23.6,70,1
26/09/2026 23:00,21.9,74,2
27/09/2026 00:00,21,80,1
27/09/2026 01:00,20.4,82,1
27/09/2026 02:00,20.1,82,1
27/09/2026 03:00,20.2,81,0
27/09/2026 04:00,21.2,79,0
27/09/2026 05:00,21.9,77,0
27/09/2026 06:00,23.8,70,3
27/09/2026 07:00,24.8,64,244
27/09/2026 08:00,26.6,59,509
27/09/2026 09:00,28.4,54,680
27/09/2026 10:00,30,51,849
27/09/2026 11:00,31,44,940
27/09/2026 12:00,31.5,44,982
27/09/2026 13:00,32.8,39,933
27/09/2026 14:00,32.3,38,843
27/09/2026 15:00,32.4,41,681
27/09/2026 16:00,31.6,42,483
27/09/2026 17:00,31.3,46,264
27/09/2026 18:00,29.3,50,0
27/09/2026 19:00,27.9,56,0
27/09/2026 20:00,26.7,59,0
27/09/2026 21:00,24.5,65,0
27/09/2026 22:00,23.3,72,3
27/09/2026 23:00,22.2,74,0
28/09/2026 00:00,21.1,80,1
28/09/2026 01:00,20.3,81,3
28/09/2026 02:00,19.9,82,3
28/09/2026 03:00,20,81,2
28/09/2026 04:00,20.8,79,0
28/09/2026 05:00,21.5,77,2
28/09/2026 06:00,23.3,70,0
28/09/2026 07:00,25.2,65,270
28/09/2026 08:00,26.3,60,476
28/09/2026 09:00,28.2,53,697
28/09/2026 10:00,29.3,50,866
28/09/2026 11:00,30.3,45,928
28/09/2026 12:00,31.7,42,982
28/09/2026 13:00,32.3,40,948
28/09/2026 14:00,33,40,845
28/09/2026 15:00,31.9,41,698
28/09/2026 16:00,31.5,42,480
28/09/2026 17:00,30.5,45,265
28/09/2026 18:00,29.1,51,4
28/09/2026 19:00,28,54,3
28/09/2026 20:00,25.9,60,3
28/09/2026 21:00,24.9,65,2
28/09/2026 22:00,22.9,71,3
28/09/2026 23:00,22,75,3
29/09/2026 00:00,21.1,78,1
29/09/2026 01:00,20.6,81,0
29/09/2026 02:00,20.1,81,3
29/09/2026 03:00,20.2,80,0
29/09/2026 04:00,20.6,77,2
29/09/2026 05:00,21.7,77,3
29/09/2026 06:00,23.6,71,12
29/09/2026 07:00,24.3,66,249
29/09/2026 08:00,26.1,62,481
29/09/2026 09:00,28.4,55,674
29/09/2026 10:00,29,50,860
29/09/2026 11:00,31.1,47,943
29/09/2026 12:00,31.8,43,971
29/09/2026 13:00,31.9,40,933
29/09/2026 14:00,32.1,40,844
29/09/2026 15:00,32.1,39,693
29/09/2026 16:00,31.9,44,480
29/09/2026 17:00,30.4,46,248
29/09/2026 18:00,29.8,51,4
29/09/2026 19:00,27.7,54,1
29/09/2026 20:00,26.4,60,3
29/09/2026 21:00,24.4,66,1
29/09/2026 22:00,22.9,72,1
29/09/2026 23:00,21.7,75,2
30/09/2026 00:00,20.9,77,3
30/09/2026 01:00,20.5,81,3
30/09/2026 02:00,20.1,82,1
30/09/2026 03:00,19.8,82,1
30/09/2026 04:00,20.6,79,0
30/09/2026 05:00,22.2,77,0
30/09/2026 06:00,23,70,1
30/09/2026 07:00,24.7,66,259
30/09/2026 08:00,26.3,60,488
30/09/2026 09:00,27.6,55,700
30/09/2026 10:00,29,51,845
30/09/2026 11:00,30.3,46,941
30/09/2026 12:00,31.6,41,976
30/09/2026 13:00,32.1,42,933
30/09/2026 14:00,32.7,39,830
30/09/2026 15:00,32,42,701
30/09/2026 16:00,31.5,44,479
30/09/2026 17:00,30.3,46,261
30/09/2026 18:00,29.5,52,0
30/09/2026 19:00,27.9,53,0
30/09/2026 20:00,26,61,1
30/09/2026 21:00,24.6,67,2
30/09/2026 22:00,22.7,72,0
30/09/2026 23:00,22.3,77,3
01/10/2026 00:00,21.3,80,1
01/10/2026 01:00,20.2,81,0
01/10/2026 02:00,20.4,81,0
01/10/2026 03:00,20.2,81,2
01/10/2026 04:00,20.8,77,1
01/10/2026 05:00,21.6,77,1
01/10/2026 06:00,23.5,70,4
01/10/2026 07:00,24.1,65,243
01/10/2026 08:00,25.8,61,491
01/10/2026 09:00,27.9,57,680
01/10/2026 10:00,28.8,49,854
01/10/2026 11:00,30.6,46,958
01/10/2026 12:00,31.5,42,971
01/10/2026 13:00,32.4,39,944
01/10/2026 14:00,32.8,41,862
01/10/2026 15:00,31.8,40,685
01/10/2026 16:00,31.9,43,492
01/10/2026 17:00,30.5,44,268
01/10/2026 18:00,28.8,49,11
01/10/2026 19:00,27.7,56,0
01/10/2026 20:00,26.6,60,1
01/10/2026 21:00,24.4,67,3
01/10/2026 22:00,23,72,2
01/10/2026 23:00,22.3,76,0
02/10/2026 00:00,20.8,77,1
02/10/2026 01:00,20.5,79,1
02/10/2026 02:00,19.5,83,3
02/10/2026 03:00,20.3,83,0
02/10/2026 04:00,21.1,80,3
02/10/2026 05:00,21.6,76,2
02/10/2026 06:00,22.7,70,0
02/10/2026 07:00,25,66,249
02/10/2026 08:00,26.6,63,472
02/10/2026 09:00,27.8,55,695
02/10/2026 10:00,28.8,50,863
02/10/2026 11:00,30.8,44,959
02/10/2026 12:00,31.5,43,999
02/10/2026 13:00,32,41,945
02/10/2026 14:00,31.9,39,868
02/10/2026 15:00,32.3,42,705
02/10/2026 16:00,31.3,41,494
02/10/2026 17:00,30.4,46,246
02/10/2026 18:00,29,50,0
02/10/2026 19:00,27.5,57,2
02/10/2026 20:00,25.7,60,3
02/10/2026 21:00,24.9,65,2
02/10/2026 22:00,23.1,70,0
02/10/2026 23:00,22.2,77,3
03/10/2026 00:00,20.5,77,2
03/10/2026 01:00,20.6,82,2
03/10/2026 02:00,20.2,80,0
03/10/2026 03:00,20.2,82,3
03/10/2026 04:00,20.6,78,1
03/10/2026 05:00,21.9,77,0
03/10/2026 06:00,23.3,70,0
03/10/2026 07:00,24.1,65,258
03/10/2026 08:00,26.1,62,498
03/10/2026 09:00,27.3,56,691
03/10/2026 10:00,28.7,49,859
03/10/2026 11:00,30.6,46,943
03/10/2026 12:00,31.8,44,976
03/10/2026 13:00,31.9,41,939
03/10/2026 14:00,32.3,38,836
03/10/2026 15:00,32.1,42,691
03/10/2026 16:00,31.1,43,479
03/10/2026 17:00,30.7,46,269
03/10/2026 18:00,29.4,51,8
03/10/2026 19:00,27.7,54,3
03/10/2026 20:00,25.8,61,2
03/10/2026 21:00,24.4,65,2
03/10/2026 22:00,22.5,73,2
03/10/2026 23:00,22,74,0
04/10/2026 00:00,20.4,81,0
04/10/2026 01:00,19.7,80,3
04/10/2026 02:00,20.2,83,1
04/10/2026 03:00,19.8,80,0
04/10/2026 04:00,20.2,78,1
04/10/2026 05:00,21.7,75,2
04/10/2026 06:00,22.7,70,19
04/10/2026 07:00,24,68,245
04/10/2026 08:00,26.1,61,474
04/10/2026 09:00,27.7,55,689
04/10/2026 10:00,28.7,52,849
04/10/2026 11:00,30.8,48,966
04/10/2026 12:00,31,43,997
04/10/2026 13:00,32,40,934
04/10/2026 14:00,32.5,40,836
04/10/2026 15:00,32.2,39,708
04/10/2026 16:00,30.9,45,504
04/10/2026 17:00,30,46,241
04/10/2026 18:00,28.8,52,13
04/10/2026 19:00,27.8,57,0
04/10/2026 20:00,25.8,61,0
04/10/2026 21:00,24,66,2
04/10/2026 22:00,22.6,73,3
04/10/2026 23:00,21.3,76,2
05/10/2026 00:00,20.3,80,1
05/10/2026 01:00,19.8,80,2
05/10/2026 02:00,20.1,83,1
05/10/2026 03:00,20.3,79,3
05/10/2026 04:00,20.2,77,2
05/10/2026 05:00,21.5,75,1
05/10/2026 06:00,22.6,71,5
05/10/2026 07:00,24,65,257
05/10/2026 08:00,26.4,61,485
05/10/2026 09:00,27.1,54,686
05/10/2026 10:00,28.9,50,863
05/10/2026 11:00,30.2,44,965
05/10/2026 12:00,31.3,44,970
05/10/2026 13:00,31.7,42,965
05/10/2026 14:00,31.9,38,833
05/10/2026 15:00,31.6,42,711
05/10/2026 16:00,30.9,42,497
05/10/2026 17:00,30.3,45,249
05/10/2026 18:00,29.4,49,14
05/10/2026 19:00,27.5,57,1
05/10/2026 20:00,25.8,61,2
05/10/2026 21:00,24.4,68,3
05/10/2026 22:00,23.2,72,3
05/10/2026 23:00,21.4,77,0
06/10/2026 00:00,20.2,79,0
06/10/2026 01:00,20.1,80,0
06/10/2026 02:00,19.3,81,2
06/10/2026 03:00,20.3,83,1
06/10/2026 04:00,20.3,80,2
06/10/2026 05:00,21.7,75,0
06/10/2026 06:00,22.4,70,5
06/10/2026 07:00,24.2,66,272
06/10/2026 08:00,26.3,61,507
06/10/2026 09:00,27.2,57,684
06/10/2026 10:00,28.7,52,862
06/10/2026 11:00,30.6,48,951
06/10/2026 12:00,31.1,41,999
06/10/2026 13:00,31.6,39,934
06/10/2026 14:00,31.8,40,852
06/10/2026 15:00,31.4,42,684
06/10/2026 16:00,31.7,43,475
06/10/2026 17:00,30.4,46,264
06/10/2026 18:00,29.2,52,0
06/10/2026 19:00,27.3,57,2
06/10/2026 20:00,26.1,62,3
06/10/2026 21:00,24,68,3
06/10/2026 22:00,23.2,71,3
06/10/2026 23:00,22,74,1
07/10/2026 00:00,20.6,80,0
07/10/2026 01:00,19.9,83,1
07/10/2026 02:00,19.9,80,3
07/10/2026 03:00,20.2,83,3
07/10/2026 04:00,20.1,79,3
07/10/2026 05:00,21,77,1
07/10/2026 06:00,23.1,73,1
07/10/2026 07:00,24.1,67,237
07/10/2026 08:00,25.9,60,483
07/10/2026 09:00,27.2,55,702
07/10/2026 10:00,28.6,51,860
07/10/2026 11:00,30,47,962
07/10/2026 12:00,30.9,44,988
07/10/2026 13:00,31.8,42,946
07/10/2026 14:00,32.3,41,833
07/10/2026 15:00,31.6,42,707
07/10/2026 16:00,31.2,44,489
07/10/2026 17:00,30.2,45,250
07/10/2026 18:00,29.1,52,0
07/10/2026 19:00,27.7,55,1
07/10/2026 20:00,25.4,60,0
07/10/2026 21:00,24.6,66,1
07/10/2026 22:00,22.3,74,3
07/10/2026 23:00,21.5,77,3
08/10/2026 00:00,20.4,81,3
08/10/2026 01:00,20.2,82,1
08/10/2026 02:00,20,81,2
08/10/2026 03:00,19.8,80,0
08/10/2026 04:00,20.6,80,1
08/10/2026 05:00,21.5,76,0
08/10/2026 06:00,22.5,73,0
08/10/2026 07:00,23.9,67,262
08/10/2026 08:00,25.3,61,503
08/10/2026 09:00,27.7,54,689
08/10/2026 10:00,29.1,51,862
08/10/2026 11:00,30.3,46,953
08/10/2026 12:00,31.5,42,987
08/10/2026 13:00,31.3,42,943
08/10/2026 14:00,31.9,40,846
08/10/2026 15:00,31.5,41,686
08/10/2026 16:00,31.5,42,488
08/10/2026 17:00,30.4,47,237
08/10/2026 18:00,29.3,49,3
08/10/2026 19:00,27.2,56,1
08/10/2026 20:00,26.1,60,3
08/10/2026 21:00,23.9,66,1
08/10/2026 22:00,22.3,70,1
08/10/2026 23:00,21.4,77,1
09/10/2026 00:00,20.2,81,3
09/10/2026 01:00,19.5,82,2
09/10/2026 02:00,19.4,82,3
09/10/2026 03:00,19.3,82,1
09/10/2026 04:00,20.2,78,3
09/10/2026 05:00,21.5,77,0
09/10/2026 06:00,22.3,73,0
09/10/2026 07:00,23.9,66,238
09/10/2026 08:00,25.5,62,506
09/10/2026 09:00,27.2,54,696
09/10/2026 10:00,29,52,860
09/10/2026 11:00,29.7,46,930
09/10/2026 12:00,31.2,45,983
09/10/2026 13:00,32,41,928
09/10/2026 14:00,32.2,40,856
09/10/2026 15:00,31.8,42,701
09/10/2026 16:00,31.2,43,492
09/10/2026 17:00,30,46,264
09/10/2026 18:00,28.6,52,0
09/10/2026 19:00,27.3,57,2
09/10/2026 20:00,26,63,2
09/10/2026 21:00,23.9,68,1
09/10/2026 22:00,22.8,73,3
09/10/2026 23:00,21.7,76,1
10/10/2026 00:00,20.8,81,0
10/10/2026 01:00,19.4,80,1
10/10/2026 02:00,19,82,3
10/10/2026 03:00,19.4,81,2
10/10/2026 04:00,20.7,81,0
10/10/2026 05:00,21.3,74,1
10/10/2026 06:00,22.1,73,4
10/10/2026 07:00,23.6,68,243
10/10/2026 08:00,25.6,62,504
10/10/2026 09:00,27.1,56,687
10/10/2026 10:00,29.2,52,868
10/10/2026 11:00,30.4,46,962
10/10/2026 12:00,31.2,44,966
10/10/2026 13:00,31.4,42,962
10/10/2026 14:00,31.9,42,838
10/10/2026 15:00,31.2,40,678
10/10/2026 16:00,30.9,44,504
10/10/2026 17:00,30.3,45,261
10/10/2026 18:00,29.2,51,0
10/10/2026 19:00,27.1,58,3
10/10/2026 20:00,26.1,62,2
10/10/2026 21:00,24,66,1
10/10/2026 22:00,22.6,72,2
10/10/2026 23:00,21.2,74,1
11/10/2026 00:00,19.9,78,3
11/10/2026 01:00,19.9,83,1
11/10/2026 02:00,19.8,81,1
11/10/2026 03:00,19.8,82,2
11/10/2026 04:00,20.6,80,2
11/10/2026 05:00,21.4,76,2
11/10/2026 06:00,22.5,72,11
11/10/2026 07:00,23.6,66,256
11/10/2026 08:00,25.7,64,503
11/10/2026 09:00,27.1,54,677
11/10/2026 10:00,28.4,51,838
11/10/2026 11:00,30.2,45,944
11/10/2026 12:00,30.8,42,961
11/10/2026 13:00,31.9,40,928
11/10/2026 14:00,32.1,42,864
11/10/2026 15:00,31.6,43,694
11/10/2026 16:00,30.9,45,480
11/10/2026 17:00,29.6,48,264
11/10/2026 18:00,28.2,49,12
11/10/2026 19:00,26.9,55,2
11/10/2026 20:00,25.5,62,0
11/10/2026 21:00,23.6,67,3
11/10/2026 22:00,22.2,71,1
11/10/2026 23:00,21.1,76,2
12/10/2026 00:00,19.9,81,0
12/10/2026 01:00,19.9,80,0
12/10/2026 02:00,19.4,81,3
12/10/2026 03:00,19.6,83,1
12/10/2026 04:00,19.9,78,2
12/10/2026 05:00,20.8,75,0
12/10/2026 06:00,22.3,72,18
12/10/2026 07:00,24.3,66,249
12/10/2026 08:00,25.1,61,491
12/10/2026 09:00,26.8,55,689
12/10/2026 10:00,28.5,50,832
12/10/2026 11:00,29.9,45,949
12/10/2026 12:00,31,42,995
12/10/2026 13:00,31.6,40,950
12/10/2026 14:00,31.8,40,838
12/10/2026 15:00,31.4,41,679
